Datum;Eröffnung;Hoch;Tief;Schluss;Währung;Volumen
17.12.2018;117,900;118,500;116,600;117,000;EUR;168635
18.12.2018;116,800;117,600;116,300;116,600;EUR;187202
19.12.2018;116,500;118,100;116,400;117,800;EUR;195431
20.12.2018;116,100;117,000;115,500;116,800;EUR;150925
21.12.2018;116,500;117,400;115,700;116,500;EUR;301588
27.12.2018;116,200;116,200;113,600;114,500;EUR;126612
28.12.2018;114,800;117,700;114,700;117,700;EUR;102437
02.01.2019;116,700;117,000;114,500;116,400;EUR;170392
03.01.2019;115,700;118,700;115,400;117,800;EUR;215047
04.01.2019;117,800;120,300;117,600;120,100;EUR;181838
07.01.2019;120,600;121,600;117,600;118,300;EUR;219481
08.01.2019;118,300;119,300;118,000;118,400;EUR;135141
09.01.2019;119,400;120,600;118,100;120,300;EUR;185503
10.01.2019;119,900;122,600;119,500;122,600;EUR;185135
11.01.2019;122,900;123,400;122,100;122,800;EUR;175686
14.01.2019;122,600;122,600;121,900;122,500;EUR;118453
15.01.2019;123,400;123,900;122,400;122,900;EUR;164193
16.01.2019;123,100;123,600;122,800;123,500;EUR;120859
17.01.2019;123,200;123,900;122,500;123,700;EUR;134654
18.01.2019;124,500;125,400;124,100;125,100;EUR;139635
21.01.2019;125,400;126,700;125,200;126,400;EUR;110592
22.01.2019;126,400;127,600;125,900;126,100;EUR;142438
23.01.2019;126,200;128,500;125,800;128,000;EUR;216430
24.01.2019;128,100;129,300;127,600;129,300;EUR;170346
25.01.2019;129,500;129,700;127,800;127,800;EUR;167024
28.01.2019;127,900;128,100;126,900;127,700;EUR;146635
29.01.2019;127,800;128,700;127,300;128,300;EUR;217083
30.01.2019;128,300;128,600;126,700;127,400;EUR;168642
31.01.2019;127,200;128,100;125,100;125,900;EUR;217184
01.02.2019;126,300;127,600;125,800;127,400;EUR;144282
04.02.2019;127,600;128,200;126,900;127,700;EUR;115447
05.02.2019;127,900;128,500;126,000;127,300;EUR;222972
06.02.2019;127,400;127,500;126,600;127,400;EUR;124474
07.02.2019;127,000;128,300;126,400;126,500;EUR;185220
08.02.2019;126,300;127,100;125,300;125,800;EUR;178268
11.02.2019;126,000;127,800;125,900;127,800;EUR;178340
12.02.2019;128,800;129,200;128,000;128,300;EUR;146873
13.02.2019;129,400;129,400;127,600;128,700;EUR;138105
14.02.2019;129,000;129,800;127,700;127,800;EUR;192523
15.02.2019;127,500;129,000;127,000;128,700;EUR;176561
18.02.2019;129,000;129,300;128,400;128,900;EUR;73221
19.02.2019;128,600;130,200;128,200;130,000;EUR;173549
20.02.2019;129,900;131,000;129,300;130,400;EUR;150687
21.02.2019;131,100;131,800;130,300;130,400;EUR;155546
22.02.2019;130,400;131,000;129,900;130,000;EUR;106437
25.02.2019;130,300;130,800;130,100;130,500;EUR;102680
26.02.2019;130,200;130,900;129,700;130,700;EUR;123485
27.02.2019;130,400;130,800;129,600;130,300;EUR;131927
28.02.2019;129,900;131,200;129,600;131,000;EUR;180272
01.03.2019;131,900;132,300;131,300;131,500;EUR;149612
04.03.2019;132,100;132,300;131,000;131,000;EUR;110923
05.03.2019;131,200;132,000;130,700;131,100;EUR;153400
06.03.2019;131,200;131,800;131,100;131,300;EUR;123862
07.03.2019;131,000;132,000;127,600;128,700;EUR;269665
08.03.2019;128,500;128,700;126,700;126,900;EUR;223919
11.03.2019;127,400;127,700;126,900;127,500;EUR;174363
12.03.2019;128,200;128,200;126,900;128,000;EUR;189453
13.03.2019;128,300;128,900;127,400;128,300;EUR;147841
14.03.2019;128,400;130,100;128,400;129,700;EUR;161384
15.03.2019;130,300;132,100;129,800;132,100;EUR;904345
18.03.2019;132,100;132,900;131,300;132,400;EUR;178446
19.03.2019;132,400;132,900;132,100;132,200;EUR;121215
20.03.2019;131,800;132,100;126,500;126,800;EUR;282175
21.03.2019;126,600;126,600;125,200;126,400;EUR;171434
22.03.2019;126,900;127,000;125,600;125,600;EUR;156891
25.03.2019;125,600;126,200;124,900;125,600;EUR;139350
26.03.2019;126,200;127,300;125,600;125,800;EUR;143195
27.03.2019;126,300;126,700;125,300;126,700;EUR;147398
28.03.2019;126,900;127,300;126,300;127,000;EUR;117827
29.03.2019;127,700;128,700;127,000;128,000;EUR;209542
01.04.2019;129,200;129,600;128,600;128,800;EUR;180810
02.04.2019;128,800;130,600;128,800;129,900;EUR;140768
03.04.2019;131,000;132,700;130,800;132,500;EUR;240237
04.04.2019;132,300;132,800;131,700;131,900;EUR;151574
05.04.2019;131,700;132,200;131,100;131,700;EUR;138692
08.04.2019;132,000;132,100;130,800;131,400;EUR;121400
09.04.2019;130,700;132,400;130,200;130,200;EUR;143281
10.04.2019;130,100;130,700;129,800;129,800;EUR;198169
11.04.2019;129,800;130,400;129,600;130,300;EUR;129502
12.04.2019;130,400;130,700;129,600;130,700;EUR;115954
15.04.2019;131,000;131,300;130,500;131,000;EUR;101311
16.04.2019;131,200;133,900;131,000;133,600;EUR;163038
17.04.2019;133,300;133,900;132,700;133,400;EUR;112013
18.04.2019;133,600;134,000;132,900;133,600;EUR;94951
23.04.2019;134,200;134,700;133,000;134,700;EUR;160928
24.04.2019;134,500;135,400;133,900;135,000;EUR;209721
25.04.2019;135,200;135,400;134,300;135,000;EUR;147084
26.04.2019;135,400;135,700;134,800;135,100;EUR;123533
29.04.2019;136,000;136,000;134,900;135,700;EUR;139455
30.04.2019;133,500;134,900;133,500;134,400;EUR;194206
02.05.2019;134,400;134,500;132,600;132,800;EUR;183771
03.05.2019;132,900;133,600;131,900;133,300;EUR;111195
06.05.2019;132,100;132,700;130,600;131,900;EUR;122084
07.05.2019;133,000;135,300;133,000;133,600;EUR;229474
08.05.2019;133,800;135,600;133,100;135,100;EUR;230264
09.05.2019;129,600;130,000;126,500;126,600;EUR;250172
10.05.2019;127,400;129,600;127,200;128,900;EUR;348129
13.05.2019;129,300;129,500;127,500;128,200;EUR;175521
14.05.2019;127,600;130,600;127,600;130,600;EUR;220045
15.05.2019;131,400;134,000;130,600;134,000;EUR;262996
16.05.2019;133,600;137,500;133,400;136,800;EUR;285047
17.05.2019;137,400;137,800;135,700;136,300;EUR;173070
20.05.2019;136,700;137,200;134,500;135,200;EUR;146831
21.05.2019;135,200;136,700;134,900;135,200;EUR;179863
22.05.2019;134,200;135,700;133,800;134,800;EUR;192506
23.05.2019;133,800;134,700;133,100;133,500;EUR;156321
24.05.2019;133,800;135,400;133,800;134,700;EUR;155286
27.05.2019;135,400;135,800;134,600;134,800;EUR;63140
28.05.2019;135,100;135,400;133,800;134,500;EUR;234967
29.05.2019;134,000;134,400;132,500;133,100;EUR;175154
30.05.2019;133,800;135,400;133,800;135,200;EUR;88443
31.05.2019;133,500;134,200;132,700;134,200;EUR;199198
03.06.2019;133,400;135,200;132,900;135,200;EUR;150199
04.06.2019;135,200;136,500;134,600;136,400;EUR;183352
05.06.2019;137,000;137,700;136,300;137,700;EUR;192474
06.06.2019;137,500;138,200;137,100;137,800;EUR;149188
07.06.2019;138,300;139,900;137,900;139,600;EUR;158417
11.06.2019;140,600;140,800;139,800;139,900;EUR;109992
12.06.2019;139,800;140,300;139,000;140,300;EUR;152988
13.06.2019;139,800;140,500;139,700;140,100;EUR;122058
14.06.2019;139,800;140,200;139,100;140,200;EUR;85648
17.06.2019;140,600;141,200;140,200;140,800;EUR;116686
18.06.2019;140,400;141,300;139,800;141,100;EUR;164948
19.06.2019;140,700;141,600;140,400;141,100;EUR;159318
20.06.2019;141,600;142,200;140,700;140,900;EUR;138605
21.06.2019;141,200;142,200;140,700;141,700;EUR;352603
24.06.2019;142,000;143,300;141,800;141,800;EUR;129054
25.06.2019;141,800;142,200;140,900;142,000;EUR;151578
26.06.2019;141,700;142,000;141,000;141,000;EUR;161347
27.06.2019;141,700;141,700;139,600;140,500;EUR;153373
28.06.2019;140,300;142,600;140,200;142,200;EUR;175798
01.07.2019;143,000;143,900;142,600;143,000;EUR;157871
02.07.2019;143,100;145,600;142,700;145,600;EUR;161245
03.07.2019;146,100;148,000;145,700;147,400;EUR;169824
04.07.2019;147,600;147,800;146,800;147,100;EUR;111505
05.07.2019;147,700;147,700;144,600;145,300;EUR;139241
08.07.2019;145,500;145,900;144,800;145,100;EUR;156530
09.07.2019;144,600;146,000;144,300;145,400;EUR;137826
10.07.2019;145,700;145,700;143,800;143,900;EUR;99470
11.07.2019;144,300;144,300;142,400;142,700;EUR;165905
12.07.2019;142,500;143,000;142,000;142,500;EUR;102421
15.07.2019;142,800;143,800;142,600;143,200;EUR;123213
16.07.2019;143,000;144,300;143,000;144,000;EUR;118463
17.07.2019;144,300;144,600;143,400;143,400;EUR;118502
18.07.2019;142,700;143,600;142,600;143,200;EUR;91058
19.07.2019;144,000;144,500;143,300;143,800;EUR;78030
22.07.2019;143,400;143,500;142,200;142,900;EUR;74846
23.07.2019;143,000;143,300;142,000;142,300;EUR;92327
24.07.2019;142,300;143,500;141,800;143,000;EUR;108686
25.07.2019;143,700;143,900;141,000;141,500;EUR;109554
26.07.2019;141,900;142,500;141,300;141,800;EUR;84994
29.07.2019;141,700;143,600;141,300;143,300;EUR;90253
30.07.2019;143,800;143,800;140,700;140,900;EUR;95584
31.07.2019;140,700;141,900;140,000;141,700;EUR;149075
01.08.2019;140,900;143,000;140,600;143,000;EUR;121158
02.08.2019;141,900;142,500;140,400;141,000;EUR;129705
05.08.2019;140,100;140,700;139,100;139,500;EUR;136091
06.08.2019;139,000;139,600;137,700;137,700;EUR;159069
07.08.2019;138,800;139,900;137,700;138,600;EUR;170856
08.08.2019;137,100;141,600;136,000;141,500;EUR;175758
09.08.2019;141,700;142,900;141,500;142,000;EUR;135360
12.08.2019;143,800;145,300;143,800;144,600;EUR;156096
13.08.2019;144,400;144,600;141,900;143,700;EUR;152082
14.08.2019;143,600;144,400;141,700;142,500;EUR;163047
15.08.2019;143,000;143,400;140,600;142,300;EUR;138392
16.08.2019;142,900;144,900;142,300;144,700;EUR;132884
19.08.2019;146,400;147,400;145,500;146,500;EUR;148673
20.08.2019;147,100;147,300;145,700;146,300;EUR;96067
21.08.2019;146,800;149,800;146,800;149,200;EUR;147326
22.08.2019;148,900;149,100;146,700;147,600;EUR;145245
23.08.2019;148,100;148,200;146,300;146,300;EUR;94607
26.08.2019;145,500;146,800;145,100;146,400;EUR;71003
27.08.2019;146,800;147,200;145,400;146,700;EUR;163125
28.08.2019;146,400;146,500;143,400;144,500;EUR;135545
29.08.2019;144,100;145,800;143,900;145,700;EUR;106903
30.08.2019;146,700;146,700;144,400;144,800;EUR;125330
02.09.2019;145,000;147,600;145,000;146,800;EUR;87832
03.09.2019;146,900;147,000;146,100;146,200;EUR;79976
04.09.2019;147,500;148,700;147,200;147,800;EUR;94203
05.09.2019;148,600;149,900;148,300;148,700;EUR;103329
06.09.2019;149,300;149,900;148,600;149,300;EUR;97125
09.09.2019;149,600;151,800;149,500;150,900;EUR;116708
10.09.2019;150,000;152,500;149,300;151,900;EUR;149301
11.09.2019;152,300;153,400;151,800;152,400;EUR;115430
12.09.2019;152,300;152,800;149,700;151,000;EUR;155885
13.09.2019;151,300;151,700;150,300;151,200;EUR;97199
16.09.2019;149,100;149,400;147,200;148,200;EUR;138779
17.09.2019;148,000;148,400;147,100;148,300;EUR;160607
18.09.2019;148,300;149,600;148,300;149,000;EUR;136803
19.09.2019;148,900;150,400;148,300;150,100;EUR;109519
20.09.2019;150,300;152,100;150,200;151,700;EUR;219212
23.09.2019;151,700;152,100;150,800;151,700;EUR;84769
24.09.2019;152,400;153,200;151,400;153,000;EUR;113308
25.09.2019;152,500;153,000;150,800;152,500;EUR;118447
26.09.2019;152,600;155,100;151,700;154,800;EUR;147966
27.09.2019;155,700;155,700;152,500;154,000;EUR;108724
30.09.2019;153,900;155,200;153,600;155,100;EUR;118414
01.10.2019;156,100;156,700;153,700;154,400;EUR;138620
02.10.2019;154,300;154,400;152,100;152,500;EUR;147661
04.10.2019;153,000;154,100;151,800;153,800;EUR;132786
07.10.2019;154,200;155,500;153,700;155,200;EUR;139100
08.10.2019;155,900;156,000;154,300;154,400;EUR;83248
09.10.2019;155,100;155,200;153,700;154,900;EUR;106547
10.10.2019;155,400;156,100;153,000;154,200;EUR;225783
11.10.2019;155,100;156,600;153,900;155,700;EUR;138849
14.10.2019;155,600;156,700;154,800;156,400;EUR;103558
15.10.2019;156,800;158,100;156,200;157,800;EUR;116471
16.10.2019;158,200;158,600;155,500;156,400;EUR;130144
17.10.2019;156,800;158,900;156,500;157,200;EUR;111398
18.10.2019;157,200;158,200;156,400;158,100;EUR;117062
21.10.2019;158,000;159,600;157,200;157,600;EUR;130174
22.10.2019;157,800;158,200;156,600;158,200;EUR;130851
23.10.2019;157,200;157,800;156,500;157,400;EUR;134661
24.10.2019;158,100;160,200;157,800;159,900;EUR;140170
25.10.2019;159,800;160,300;157,900;158,200;EUR;101231
28.10.2019;159,700;160,200;158,300;159,700;EUR;95051
29.10.2019;160,000;160,100;158,700;159,900;EUR;105789
30.10.2019;160,300;160,600;159,500;160,400;EUR;113891
31.10.2019;160,700;160,800;158,600;158,800;EUR;157633
01.11.2019;158,800;159,800;158,000;159,300;EUR;109500
04.11.2019;161,300;162,200;160,100;161,500;EUR;177991
05.11.2019;161,300;161,400;159,600;160,600;EUR;176500
06.11.2019;161,500;165,800;159,100;165,800;EUR;250051
07.11.2019;165,200;166,400;164,600;165,800;EUR;136742
08.11.2019;165,500;165,700;164,700;165,700;EUR;143997
11.11.2019;165,700;165,800;164,100;165,800;EUR;117749
12.11.2019;166,000;166,700;164,700;166,300;EUR;150281
13.11.2019;166,400;166,500;163,600;165,500;EUR;150707
14.11.2019;165,000;166,500;164,700;166,400;EUR;119814
15.11.2019;167,100;168,500;166,700;168,400;EUR;130680
18.11.2019;167,800;168,500;166,800;167,000;EUR;139512
19.11.2019;167,300;168,500;166,500;166,600;EUR;138823
20.11.2019;168,000;168,500;165,500;168,300;EUR;148135
21.11.2019;167,400;168,900;167,000;167,800;EUR;110193
22.11.2019;168,400;168,700;166,500;166,500;EUR;125047
25.11.2019;167,400;167,500;166,200;166,900;EUR;98047
26.11.2019;167,200;167,300;165,900;166,500;EUR;731271
27.11.2019;165,400;168,200;165,400;168,100;EUR;131007
28.11.2019;168,200;168,600;167,600;168,400;EUR;75665
29.11.2019;167,600;169,600;167,600;168,500;EUR;120109
02.12.2019;168,600;169,400;165,900;165,900;EUR;153584
03.12.2019;166,500;168,100;165,500;165,500;EUR;159923
04.12.2019;166,000;168,100;165,500;167,800;EUR;133881
05.12.2019;168,200;168,600;166,800;166,800;EUR;100828
06.12.2019;166,400;168,600;166,400;168,400;EUR;71966
09.12.2019;167,500;169,800;167,500;169,600;EUR;118185
10.12.2019;168,900;169,100;167,200;168,800;EUR;149317
11.12.2019;168,800;169,900;168,400;169,900;EUR;104080
12.12.2019;169,800;172,100;169,600;171,300;EUR;171203
13.12.2019;172,800;173,500;170,200;171,700;EUR;215587
16.12.2019;172,100;172,800;171,700;172,600;EUR;115671
17.12.2019;172,800;175,300;172,300;175,200;EUR;200784
18.12.2019;174,700;175,700;173,800;173,800;EUR;128058
19.12.2019;174,200;174,300;172,700;173,500;EUR;122416
20.12.2019;174,300;175,700;173,500;174,800;EUR;324865
23.12.2019;175,500;175,600;174,000;174,900;EUR;80547
27.12.2019;175,800;176,300;174,100;174,400;EUR;63829
30.12.2019;174,500;174,800;172,300;172,300;EUR;61540
02.01.2020;172,100;175,400;171,600;174,500;EUR;131274
03.01.2020;173,300;174,000;172,300;173,900;EUR;98287
06.01.2020;172,600;173,500;171,100;173,100;EUR;111974
07.01.2020;173,200;175,400;173,200;174,100;EUR;103102
08.01.2020;173,100;173,500;171,700;173,500;EUR;148720
09.01.2020;174,500;175,800;173,800;174,500;EUR;135546
10.01.2020;174,800;175,700;173,100;173,300;EUR;101560
13.01.2020;173,500;173,500;172,000;172,500;EUR;104585
14.01.2020;172,300;173,500;171,300;173,500;EUR;122554
15.01.2020;172,900;173,700;172,100;173,700;EUR;139787
16.01.2020;173,300;175,300;173,300;175,000;EUR;105901
17.01.2020;175,800;177,700;175,200;177,700;EUR;176924
20.01.2020;177,800;179,500;177,100;178,400;EUR;89307
21.01.2020;178,100;178,600;177,400;178,500;EUR;89038
22.01.2020;179,000;179,800;178,400;179,200;EUR;102928
23.01.2020;178,900;179,900;178,100;178,100;EUR;104771
24.01.2020;178,000;179,800;177,900;179,400;EUR;109964
27.01.2020;177,800;178,300;175,900;176,000;EUR;91639
28.01.2020;176,400;178,700;176,300;178,600;EUR;106098
29.01.2020;179,500;179,800;177,700;179,300;EUR;98094
30.01.2020;178,100;178,700;177,100;177,100;EUR;128552
31.01.2020;178,000;178,800;175,500;175,500;EUR;154745
03.02.2020;175,400;178,000;175,200;177,800;EUR;137368
04.02.2020;179,000;179,300;177,600;178,500;EUR;134395
05.02.2020;178,400;182,500;177,700;182,500;EUR;163267
06.02.2020;182,900;185,500;182,900;184,400;EUR;189880
07.02.2020;184,400;186,900;184,100;185,700;EUR;178054
10.02.2020;185,200;186,800;184,900;186,600;EUR;116254
11.02.2020;187,000;188,600;186,700;188,600;EUR;148727
12.02.2020;188,600;188,600;187,400;188,500;EUR;120990
13.02.2020;188,000;191,200;187,700;191,200;EUR;115534
14.02.2020;191,400;192,000;191,000;192,000;EUR;72136
17.02.2020;192,800;192,800;191,200;191,500;EUR;64514
18.02.2020;190,500;192,200;189,900;190,200;EUR;136541
19.02.2020;190,800;192,500;190,300;192,400;EUR;81271
20.02.2020;191,900;192,400;189,400;189,900;EUR;140025
21.02.2020;188,700;189,900;188,000;188,200;EUR;114663
24.02.2020;182,600;184,200;180,100;181,300;EUR;200343
25.02.2020;182,300;183,300;178,000;178,100;EUR;215363
26.02.2020;175,700;176,100;170,600;175,600;EUR;399146
27.02.2020;172,200;174,000;167,300;168,400;EUR;265723
28.02.2020;160,700;164,200;159,500;161,000;EUR;448759
02.03.2020;163,800;165,400;158,500;161,400;EUR;293878
03.03.2020;164,100;168,700;163,700;164,600;EUR;272319
04.03.2020;166,500;168,200;164,500;166,800;EUR;233189
05.03.2020;168,400;169,100;162,900;163,700;EUR;277600
06.03.2020;159,500;161,200;155,300;157,300;EUR;266052
09.03.2020;145,300;150,800;140,000;145,400;EUR;420659
10.03.2020;147,000;151,400;141,900;143,500;EUR;389096
11.03.2020;143,500;144,900;140,300;140,500;EUR;275072
12.03.2020;132,500;133,100;115,500;115,500;EUR;690341
13.03.2020;118,800;124,800;112,000;113,600;EUR;555003
16.03.2020;109,200;110,900;98,250;107,500;EUR;557437
17.03.2020;110,400;114,500;103,000;111,000;EUR;521791
18.03.2020;107,100;113,100;106,500;110,500;EUR;428761
19.03.2020;110,600;114,400;105,300;112,800;EUR;441311
20.03.2020;119,900;125,400;111,700;115,600;EUR;522121
23.03.2020;110,300;116,300;108,100;111,300;EUR;361367
24.03.2020;117,100;130,500;115,700;130,300;EUR;405333
25.03.2020;136,600;141,100;127,900;136,700;EUR;380961
26.03.2020;133,400;135,000;128,900;135,000;EUR;330056
27.03.2020;132,000;133,000;127,800;130,000;EUR;295350
30.03.2020;130,000;130,600;125,000;128,900;EUR;193902
31.03.2020;131,200;134,200;129,600;131,000;EUR;387256
01.04.2020;127,600;129,400;125,100;125,200;EUR;292290
02.04.2020;128,200;128,500;124,800;126,900;EUR;187116
03.04.2020;124,900;127,900;123,900;125,500;EUR;170624
06.04.2020;131,100;131,700;129,000;131,500;EUR;198927
07.04.2020;136,400;138,400;133,900;135,800;EUR;230550
08.04.2020;135,300;135,800;129,800;132,200;EUR;184666
09.04.2020;133,600;138,300;131,800;138,100;EUR;164032
14.04.2020;140,800;141,000;133,800;135,000;EUR;257643
15.04.2020;135,000;136,400;132,000;132,900;EUR;244201
16.04.2020;134,100;136,300;131,000;131,000;EUR;247028
17.04.2020;136,300;136,900;132,000;134,200;EUR;222442
20.04.2020;135,100;137,200;134,300;136,000;EUR;119502
21.04.2020;134,000;135,700;133,000;133,700;EUR;184366
22.04.2020;135,900;136,900;132,600;132,600;EUR;223561
23.04.2020;133,700;135,400;131,000;134,700;EUR;173978
24.04.2020;132,000;134,400;131,400;134,000;EUR;187369
27.04.2020;136,200;140,100;135,600;139,900;EUR;195307
28.04.2020;140,000;146,000;139,000;144,800;EUR;323634
29.04.2020;144,700;150,300;144,100;150,300;EUR;234143
30.04.2020;152,500;152,600;144,000;145,500;EUR;340883
04.05.2020;141,500;142,000;137,800;138,000;EUR;249485
05.05.2020;138,600;140,500;138,100;139,900;EUR;178111
06.05.2020;142,800;146,700;140,900;146,000;EUR;301509
07.05.2020;142,500;143,800;139,800;141,100;EUR;281878
08.05.2020;143,000;143,000;137,700;139,000;EUR;217903
11.05.2020;140,100;140,400;135,800;137,100;EUR;200475
12.05.2020;136,700;140,400;136,400;138,700;EUR;197770
13.05.2020;136,200;139,100;135,300;136,200;EUR;188747
14.05.2020;135,000;135,400;127,500;131,400;EUR;277071
15.05.2020;132,400;133,200;130,500;132,800;EUR;177859
18.05.2020;134,300;137,600;133,700;137,400;EUR;114161
19.05.2020;139,900;140,500;137,300;138,300;EUR;105665
20.05.2020;138,100;139,200;135,300;139,200;EUR;120897
21.05.2020;138,400;139,700;136,800;139,500;EUR;101704
22.05.2020;137,500;140,200;135,100;139,200;EUR;120963
25.05.2020;140,600;142,500;139,000;142,500;EUR;80527
26.05.2020;144,600;149,400;143,700;148,500;EUR;205926
27.05.2020;146,800;150,900;145,100;148,400;EUR;205624
28.05.2020;150,300;150,900;146,400;147,100;EUR;143448
29.05.2020;145,400;145,700;142,600;144,600;EUR;418424
02.06.2020;148,000;151,300;147,200;150,400;EUR;172979
03.06.2020;152,000;164,400;151,500;164,400;EUR;325338
04.06.2020;163,600;163,600;160,300;161,900;EUR;253535
05.06.2020;162,400;166,300;162,000;165,700;EUR;190642
08.06.2020;163,300;166,800;162,400;164,800;EUR;184641
09.06.2020;164,600;165,300;158,700;160,700;EUR;192858
10.06.2020;161,400;164,900;159,900;161,500;EUR;186968
11.06.2020;157,000;160,800;156,200;157,000;EUR;161527
12.06.2020;155,300;158,500;153,400;154,700;EUR;267095
15.06.2020;150,600;156,100;149,200;155,500;EUR;212564
16.06.2020;159,000;161,200;157,500;159,800;EUR;206416
17.06.2020;159,400;161,200;155,900;156,300;EUR;133303
18.06.2020;156,000;158,000;154,000;156,500;EUR;127687
19.06.2020;158,200;158,200;154,100;154,100;EUR;391271
22.06.2020;151,600;155,200;151,500;153,300;EUR;136967
23.06.2020;155,100;158,200;153,900;156,200;EUR;136351
24.06.2020;155,100;156,000;151,500;151,500;EUR;117121
25.06.2020;150,100;154,800;147,800;153,900;EUR;146428
26.06.2020;155,000;155,400;151,700;151,700;EUR;107127
29.06.2020;151,700;153,200;150,400;151,800;EUR;93493
30.06.2020;152,600;153,600;151,200;153,400;EUR;138702
01.07.2020;151,500;153,700;149,700;153,100;EUR;139498
02.07.2020;155,400;158,100;154,000;156,700;EUR;128670
03.07.2020;156,500;156,500;154,700;155,700;EUR;56705
06.07.2020;157,500;160,000;156,000;157,200;EUR;93871
07.07.2020;155,000;156,000;151,900;153,800;EUR;156263
08.07.2020;152,700;155,500;152,700;154,400;EUR;88908
09.07.2020;155,700;155,800;152,200;152,200;EUR;90344
10.07.2020;151,000;153,600;150,300;153,600;EUR;114879
13.07.2020;155,000;155,100;152,200;153,100;EUR;103777
14.07.2020;151,900;157,100;150,200;156,800;EUR;166047
15.07.2020;157,800;158,000;155,300;157,200;EUR;83654
16.07.2020;156,000;157,900;156,000;157,800;EUR;90402
17.07.2020;158,200;158,200;154,800;155,300;EUR;73655
20.07.2020;155,100;158,100;152,800;157,400;EUR;96336
21.07.2020;159,100;159,700;157,200;157,800;EUR;121976
22.07.2020;156,800;157,700;156,000;157,300;EUR;84424
23.07.2020;157,200;157,200;153,000;153,300;EUR;110931
24.07.2020;151,000;152,600;150,500;151,200;EUR;80659
27.07.2020;150,300;151,200;149,800;150,000;EUR;75421
28.07.2020;150,200;151,400;148,900;150,100;EUR;87825
29.07.2020;149,300;151,300;149,300;150,000;EUR;58755
30.07.2020;149,400;149,900;140,900;144,100;EUR;216030
31.07.2020;144,400;147,600;143,400;143,400;EUR;134378
03.08.2020;143,500;147,500;142,400;147,200;EUR;108627
04.08.2020;147,300;148,900;143,900;144,600;EUR;118416
05.08.2020;141,500;144,400;140,200;141,000;EUR;193366
06.08.2020;141,900;142,300;137,100;138,100;EUR;185850
07.08.2020;138,200;138,600;136,600;138,600;EUR;134946
10.08.2020;139,200;141,100;138,300;139,700;EUR;116778
11.08.2020;141,000;142,300;140,600;141,300;EUR;137245
12.08.2020;140,600;144,900;140,400;144,400;EUR;137419
13.08.2020;144,000;144,300;142,200;142,700;EUR;117296
14.08.2020;142,100;142,800;140,900;142,800;EUR;80196
17.08.2020;142,400;142,600;140,100;141,300;EUR;79649
18.08.2020;141,100;143,000;139,600;142,300;EUR;103893
19.08.2020;142,300;144,200;141,000;144,100;EUR;85942
20.08.2020;143,000;143,100;141,400;141,700;EUR;114177
21.08.2020;142,100;143,000;141,100;142,300;EUR;118792
24.08.2020;142,500;144,700;142,500;144,200;EUR;51648
25.08.2020;144,400;145,700;144,100;144,200;EUR;102236
26.08.2020;143,900;144,800;143,000;144,700;EUR;120781
27.08.2020;144,200;144,900;142,900;143,800;EUR;150738
28.08.2020;144,300;146,200;143,000;144,600;EUR;80419
31.08.2020;145,600;145,600;142,600;142,600;EUR;114121
01.09.2020;143,900;144,600;141,900;142,900;EUR;77424
02.09.2020;144,300;146,800;143,600;146,800;EUR;146966
03.09.2020;147,000;148,500;144,300;144,400;EUR;122884
04.09.2020;143,400;144,700;140,000;140,000;EUR;113818
07.09.2020;142,500;144,000;142,100;143,000;EUR;117044
08.09.2020;143,600;144,800;141,800;142,400;EUR;99900
09.09.2020;141,900;148,800;141,700;146,800;EUR;200038
10.09.2020;147,400;147,500;143,400;143,800;EUR;130915
11.09.2020;144,000;144,600;142,400;143,200;EUR;87716
14.09.2020;144,400;145,100;142,100;142,100;EUR;85709
15.09.2020;142,100;142,400;139,700;139,700;EUR;218525
16.09.2020;140,100;140,800;137,700;138,200;EUR;214227
17.09.2020;136,500;136,500;134,500;134,500;EUR;156938
18.09.2020;134,300;134,900;131,600;131,600;EUR;353653
21.09.2020;129,100;129,200;125,900;126,600;EUR;216062
22.09.2020;127,500;128,500;126,400;126,400;EUR;171217
23.09.2020;127,600;130,000;126,500;126,900;EUR;129967
24.09.2020;126,100;127,700;125,600;127,500;EUR;173023
25.09.2020;128,000;128,500;125,600;127,800;EUR;197486
28.09.2020;130,900;132,300;130,000;132,000;EUR;158728
29.09.2020;132,000;133,100;131,000;131,200;EUR;148340
30.09.2020;130,300;133,900;130,300;132,200;EUR;151934
01.10.2020;133,500;133,700;131,000;131,400;EUR;118449
02.10.2020;130,500;134,200;130,100;133,900;EUR;165155
05.10.2020;135,600;139,100;135,000;139,000;EUR;226886
06.10.2020;138,800;139,100;135,800;136,000;EUR;139896
07.10.2020;136,200;136,500;132,400;133,000;EUR;139547
08.10.2020;133,500;135,900;133,000;134,900;EUR;98369
09.10.2020;133,700;134,800;131,600;132,400;EUR;134545
12.10.2020;133,100;133,400;132,300;133,000;EUR;124898
13.10.2020;133,200;133,900;131,000;131,000;EUR;115347
14.10.2020;131,100;131,900;129,500;131,300;EUR;129992
15.10.2020;130,100;130,200;127,000;128,700;EUR;117022
16.10.2020;129,600;129,600;126,800;128,800;EUR;122862
19.10.2020;128,700;130,800;128,300;129,400;EUR;99473
20.10.2020;128,500;130,500;127,800;128,800;EUR;129305
21.10.2020;129,500;130,000;126,400;127,900;EUR;140840
22.10.2020;127,500;129,600;126,200;129,000;EUR;173043
23.10.2020;128,700;130,500;128,600;129,600;EUR;97701
26.10.2020;128,100;130,200;127,000;127,000;EUR;97563
27.10.2020;127,100;127,400;125,200;125,400;EUR;180168
28.10.2020;125,000;125,600;120,700;124,900;EUR;222664
29.10.2020;124,200;125,700;122,700;124,300;EUR;168750
30.10.2020;123,400;125,200;123,400;124,700;EUR;125822
02.11.2020;125,400;128,400;125,200;128,000;EUR;151682
03.11.2020;129,300;131,500;128,900;131,500;EUR;135155
04.11.2020;127,900;134,600;127,600;132,700;EUR;189635
05.11.2020;135,100;135,200;130,500;130,500;EUR;204857
06.11.2020;130,500;132,000;128,700;129,500;EUR;197997
09.11.2020;132,300;142,200;129,800;140,900;EUR;402994
10.11.2020;140,900;150,200;139,900;150,100;EUR;394587
11.11.2020;150,100;150,900;145,200;145,200;EUR;181488
12.11.2020;144,400;145,000;140,700;143,800;EUR;160756
13.11.2020;143,800;146,200;143,300;146,000;EUR;240860
16.11.2020;147,500;148,800;145,200;147,200;EUR;152602
17.11.2020;146,900;148,200;146,000;147,800;EUR;120620
18.11.2020;147,000;149,100;146,500;148,100;EUR;131163
19.11.2020;145,000;146,300;143,300;144,800;EUR;166911
20.11.2020;144,500;145,400;143,100;145,400;EUR;110507
23.11.2020;146,100;147,000;143,900;144,000;EUR;112279
24.11.2020;144,900;145,500;143,300;143,300;EUR;200365
25.11.2020;144,400;144,700;139,600;141,000;EUR;190651
26.11.2020;141,600;141,800;140,000;140,900;EUR;86756
27.11.2020;139,900;140,200;137,700;139,100;EUR;164990
30.11.2020;139,000;141,800;138,000;140,300;EUR;893655
01.12.2020;141,500;142,700;140,100;142,200;EUR;198114
02.12.2020;144,000;146,200;142,000;142,400;EUR;183958
03.12.2020;142,300;142,600;139,100;139,100;EUR;147198
04.12.2020;138,900;139,200;137,800;138,400;EUR;117728
07.12.2020;137,900;138,400;136,200;137,100;EUR;134911
08.12.2020;136,500;138,300;136,300;136,700;EUR;118258
09.12.2020;137,200;138,000;134,800;135,300;EUR;166219
10.12.2020;135,500;135,900;133,900;135,600;EUR;249798
11.12.2020;135,600;135,600;132,100;132,500;EUR;192284
14.12.2020;132,800;133,700;131,900;132,100;EUR;153103
15.12.2020;132,500;134,600;132,500;133,300;EUR;170620
16.12.2020;134,400;135,600;133,600;134,600;EUR;206157
17.12.2020;135,600;135,600;133,600;133,600;EUR;186850
18.12.2020;133,600;134,000;132,700;132,700;EUR;276269
21.12.2020;131,000;131,100;126,700;129,100;EUR;219482
22.12.2020;129,800;130,300;128,700;130,300;EUR;102936
23.12.2020;130,400;131,800;129,900;131,300;EUR;88717
28.12.2020;132,400;132,500;130,900;132,000;EUR;80988
29.12.2020;132,500;133,100;131,400;132,000;EUR;83620
30.12.2020;132,100;132,600;130,300;130,300;EUR;58143
04.01.2021;131,500;133,200;130,400;131,400;EUR;158575
05.01.2021;130,500;132,200;128,300;129,100;EUR;211845
06.01.2021;131,100;136,500;129,900;135,900;EUR;264223
07.01.2021;136,600;136,800;134,900;134,900;EUR;168656
08.01.2021;135,500;135,900;133,400;134,800;EUR;165574
11.01.2021;135,400;135,900;132,800;133,600;EUR;110250
12.01.2021;134,700;137,500;134,500;135,900;EUR;141911
13.01.2021;135,200;135,400;133,700;134,500;EUR;155959
14.01.2021;134,800;136,100;134,500;135,000;EUR;131547
15.01.2021;135,100;135,500;133,400;134,700;EUR;141052
18.01.2021;134,400;135,900;133,700;135,800;EUR;97461
19.01.2021;136,400;137,700;136,300;137,200;EUR;175519
20.01.2021;138,500;138,600;136,400;136,700;EUR;165991
21.01.2021;137,500;138,100;135,400;135,600;EUR;122508
22.01.2021;135,000;135,100;132,700;132,800;EUR;121124
25.01.2021;135,500;135,500;131,500;131,600;EUR;174798
26.01.2021;132,200;133,300;131,300;131,900;EUR;152179
27.01.2021;131,900;132,000;128,900;129,400;EUR;206212
28.01.2021;129,200;131,000;127,500;130,300;EUR;160119
29.01.2021;127,800;129,700;127,200;128,000;EUR;183794
01.02.2021;129,100;129,500;128,100;128,900;EUR;122476
02.02.2021;129,400;131,700;128,700;131,700;EUR;226305
03.02.2021;132,800;133,600;131,800;133,000;EUR;151745
04.02.2021;133,500;138,100;133,000;137,100;EUR;235028
05.02.2021;138,100;139,300;136,600;138,000;EUR;193188
08.02.2021;138,900;140,200;138,000;139,200;EUR;171941
09.02.2021;139,500;140,000;138,300;139,800;EUR;119847
10.02.2021;140,700;141,600;139,100;141,200;EUR;190111
11.02.2021;141,000;141,500;138,700;141,100;EUR;120998
12.02.2021;141,300;143,100;140,100;142,000;EUR;117795
15.02.2021;143,000;144,400;142,700;143,200;EUR;126694
16.02.2021;143,200;143,300;142,200;142,400;EUR;97938
17.02.2021;142,000;142,300;140,900;141,200;EUR;86655
18.02.2021;140,900;141,600;140,000;140,200;EUR;91692
19.02.2021;141,000;141,900;140,200;140,200;EUR;97911
22.02.2021;140,000;141,500;138,500;141,100;EUR;92429
23.02.2021;141,900;142,400;139,600;140,600;EUR;110503
24.02.2021;141,300;142,300;140,300;142,000;EUR;90902
25.02.2021;142,900;145,100;142,400;144,000;EUR;120771
26.02.2021;142,300;143,200;140,100;140,300;EUR;186353
01.03.2021;141,300;144,400;141,100;144,400;EUR;147320
02.03.2021;144,000;147,800;143,600;147,300;EUR;164400
03.03.2021;148,000;148,900;147,100;147,800;EUR;129607
04.03.2021;146,600;148,800;146,500;148,400;EUR;117831
05.03.2021;147,800;147,800;145,300;145,600;EUR;180161
08.03.2021;147,000;150,900;146,900;150,800;EUR;168223
09.03.2021;150,900;151,300;149,700;150,100;EUR;163276
10.03.2021;149,400;151,100;149,200;150,700;EUR;158197
11.03.2021;151,200;153,100;150,900;151,300;EUR;167328
12.03.2021;150,500;152,600;149,800;152,600;EUR;152496
15.03.2021;152,700;152,700;151,200;151,600;EUR;98902
16.03.2021;152,300;153,100;151,800;152,800;EUR;116514
17.03.2021;153,100;154,100;152,500;152,900;EUR;140216
18.03.2021;153,400;155,200;152,800;154,900;EUR;149693
19.03.2021;154,100;156,000;153,000;155,100;EUR;267434
22.03.2021;154,800;156,000;153,500;155,000;EUR;130170
23.03.2021;154,600;155,400;153,600;154,100;EUR;128859
24.03.2021;153,600;154,700;152,700;153,900;EUR;117927
25.03.2021;153,400;154,400;152,000;153,200;EUR;102366
26.03.2021;153,600;155,900;152,900;154,800;EUR;88886
29.03.2021;155,200;156,400;154,800;155,100;EUR;88265
30.03.2021;156,300;157,500;155,700;157,200;EUR;64282
31.03.2021;157,100;157,700;155,800;155,800;EUR;110466
01.04.2021;155,900;157,050;155,100;156,350;EUR;96798
06.04.2021;157,750;158,250;156,000;156,000;EUR;128410
07.04.2021;156,250;157,150;155,700;156,350;EUR;110385
08.04.2021;156,850;156,900;154,600;155,250;EUR;178666
09.04.2021;155,450;156,600;154,800;155,900;EUR;102462
12.04.2021;156,250;157,550;155,850;157,150;EUR;77200
13.04.2021;157,050;157,850;156,050;157,100;EUR;102006
14.04.2021;157,250;157,750;156,450;156,900;EUR;108086
15.04.2021;157,250;157,400;155,900;156,150;EUR;111186
16.04.2021;156,600;157,450;155,400;157,100;EUR;98169
19.04.2021;157,100;157,550;155,350;155,350;EUR;129283
20.04.2021;155,300;155,400;152,850;153,250;EUR;144554
21.04.2021;153,900;154,200;151,950;153,850;EUR;137456
22.04.2021;154,400;154,500;153,350;153,800;EUR;99113
23.04.2021;153,200;154,050;152,650;153,700;EUR;103355
26.04.2021;153,800;154,950;153,150;154,400;EUR;64924
27.04.2021;154,250;154,550;153,150;154,250;EUR;154338
28.04.2021;155,550;156,350;154,800;156,000;EUR;124112
29.04.2021;156,350;156,400;152,950;153,700;EUR;159066
30.04.2021;154,050;154,800;153,450;153,800;EUR;167343
03.05.2021;154,800;155,300;153,800;155,200;EUR;89092
04.05.2021;155,550;156,300;152,250;152,250;EUR;134621
05.05.2021;153,450;154,000;147,150;154,000;EUR;283937
06.05.2021;149,800;152,150;149,250;151,400;EUR;149007
07.05.2021;152,450;154,350;152,300;152,750;EUR;111081
10.05.2021;152,750;153,600;150,850;151,400;EUR;118733
11.05.2021;150,000;150,900;148,400;148,850;EUR;135130
12.05.2021;148,950;148,950;146,700;147,850;EUR;131791
13.05.2021;146,450;146,500;142,600;146,000;EUR;118740
14.05.2021;147,450;147,850;145,950;146,750;EUR;196996
17.05.2021;146,950;147,050;145,800;145,800;EUR;106898
18.05.2021;146,200;146,350;144,850;145,350;EUR;104238
19.05.2021;145,000;145,050;142,600;143,200;EUR;106012
20.05.2021;143,800;144,350;142,850;143,650;EUR;97220
21.05.2021;143,700;145,150;143,000;144,450;EUR;90735
25.05.2021;145,400;145,800;143,200;143,700;EUR;123740
26.05.2021;143,650;144,250;142,950;143,900;EUR;147310
27.05.2021;143,450;144,750;142,400;142,900;EUR;279039
28.05.2021;143,400;144,800;143,300;143,600;EUR;92626
31.05.2021;143,650;144,200;143,100;143,100;EUR;58913
01.06.2021;143,400;145,450;142,850;144,100;EUR;142361
02.06.2021;144,150;144,750;143,800;144,100;EUR;99992
03.06.2021;144,000;144,150;142,800;143,450;EUR;72621
04.06.2021;143,300;143,600;142,550;143,500;EUR;77975
07.06.2021;143,700;144,700;142,800;144,200;EUR;107358
08.06.2021;144,150;144,700;142,650;142,750;EUR;87105
09.06.2021;142,650;142,950;141,000;141,450;EUR;116483
10.06.2021;141,400;142,550;140,600;141,250;EUR;95936
11.06.2021;141,000;142,000;140,600;141,850;EUR;67288
14.06.2021;142,550;143,100;141,500;142,600;EUR;117693
15.06.2021;143,400;145,250;143,100;144,800;EUR;119699
16.06.2021;145,800;147,450;145,200;147,200;EUR;140737
17.06.2021;146,700;148,150;146,500;147,300;EUR;123523
18.06.2021;147,350;147,350;143,300;143,750;EUR;279503
21.06.2021;143,150;144,850;142,000;144,850;EUR;88933
22.06.2021;144,950;145,000;143,850;144,050;EUR;95505
23.06.2021;144,000;144,350;140,000;140,000;EUR;142527
24.06.2021;140,900;141,750;140,400;141,600;EUR;100229
25.06.2021;142,050;143,500;141,450;143,350;EUR;104455
28.06.2021;143,400;145,400;142,950;143,350;EUR;117712
29.06.2021;143,150;144,600;143,150;143,450;EUR;68329
30.06.2021;143,000;143,100;140,600;141,100;EUR;121466
01.07.2021;142,050;143,150;141,200;143,150;EUR;126269
02.07.2021;143,250;144,750;143,250;143,650;EUR;72300
05.07.2021;143,850;145,200;143,050;144,950;EUR;52312
06.07.2021;144,750;144,750;142,600;142,900;EUR;93670
07.07.2021;143,550;145,750;143,550;145,750;EUR;89708
08.07.2021;145,200;145,200;142,550;143,700;EUR;105559
09.07.2021;144,100;146,100;143,550;146,000;EUR;111638
12.07.2021;146,100;147,800;145,600;147,400;EUR;136226
13.07.2021;147,650;148,150;146,100;146,300;EUR;83990
14.07.2021;145,850;147,000;145,500;146,150;EUR;57019
15.07.2021;145,850;146,050;144,650;145,100;EUR;71973
16.07.2021;145,250;146,400;143,950;144,950;EUR;87107
19.07.2021;142,700;143,000;137,050;137,850;EUR;192735
20.07.2021;138,500;140,250;136,400;138,500;EUR;186638
21.07.2021;139,400;142,850;139,000;142,600;EUR;133964
22.07.2021;143,000;144,450;141,850;141,850;EUR;71400
23.07.2021;142,500;143,250;142,000;142,450;EUR;53596
26.07.2021;142,000;143,150;141,000;143,050;EUR;56084
27.07.2021;142,500;143,050;140,650;143,050;EUR;88644
28.07.2021;142,950;143,800;142,100;142,150;EUR;60623
29.07.2021;142,400;144,350;142,300;144,000;EUR;93938
30.07.2021;143,500;143,950;141,900;141,900;EUR;135300
02.08.2021;142,600;143,550;141,600;142,200;EUR;79485
03.08.2021;142,750;142,750;139,450;139,900;EUR;130022
04.08.2021;140,650;141,700;140,200;141,650;EUR;88396
05.08.2021;142,450;146,550;142,050;145,450;EUR;135420
06.08.2021;145,800;149,000;144,800;149,000;EUR;116907
09.08.2021;148,950;149,950;148,350;148,550;EUR;72569
10.08.2021;148,750;150,100;148,250;149,300;EUR;62511
11.08.2021;149,500;151,100;148,900;151,100;EUR;77941
12.08.2021;151,150;153,950;151,150;153,800;EUR;91560
13.08.2021;153,650;155,400;153,450;155,150;EUR;89422
16.08.2021;154,350;155,350;153,750;155,350;EUR;85771
17.08.2021;155,050;156,400;154,900;156,400;EUR;72767
18.08.2021;156,000;158,050;155,550;157,850;EUR;79246
19.08.2021;155,950;157,350;155,250;156,550;EUR;82799
20.08.2021;156,550;157,250;155,850;156,850;EUR;72663
23.08.2021;158,000;158,450;156,550;156,950;EUR;46014
24.08.2021;157,550;157,650;156,200;156,450;EUR;72348
25.08.2021;156,600;156,900;155,550;156,100;EUR;63975
26.08.2021;155,950;156,800;155,400;156,000;EUR;48467
27.08.2021;156,200;156,300;155,600;156,150;EUR;41153
30.08.2021;156,150;156,150;154,750;155,150;EUR;47041
31.08.2021;155,100;156,250;154,400;155,950;EUR;156194
01.09.2021;156,450;158,000;155,750;156,450;EUR;138662
02.09.2021;156,150;157,600;154,850;154,900;EUR;67368
03.09.2021;154,800;155,550;153,600;154,550;EUR;117759
06.09.2021;154,800;156,700;154,450;155,800;EUR;85423
07.09.2021;155,800;158,100;155,300;156,900;EUR;126538
08.09.2021;155,750;158,200;155,100;157,500;EUR;146735
09.09.2021;156,600;160,250;156,000;159,700;EUR;140689
10.09.2021;159,400;160,450;157,100;157,500;EUR;215038
13.09.2021;157,800;160,500;157,800;160,050;EUR;118869
14.09.2021;159,700;162,000;159,350;161,350;EUR;135264
15.09.2021;161,300;162,000;160,500;160,550;EUR;117817
16.09.2021;161,000;161,600;159,850;161,250;EUR;116860
17.09.2021;161,950;162,850;158,600;159,100;EUR;696968
20.09.2021;156,200;156,300;150,100;150,650;EUR;202336
21.09.2021;151,350;153,100;150,200;152,000;EUR;116800
22.09.2021;153,200;154,100;152,600;153,400;EUR;67140
23.09.2021;154,550;155,200;153,150;153,800;EUR;70082
24.09.2021;153,150;154,250;152,700;153,550;EUR;54989
27.09.2021;154,850;156,800;154,250;156,300;EUR;71853
28.09.2021;156,150;156,750;152,550;152,550;EUR;83036
29.09.2021;154,050;154,150;152,650;153,000;EUR;80102
30.09.2021;153,850;153,850;151,300;151,350;EUR;117812
01.10.2021;149,500;151,600;148,200;151,250;EUR;76554
04.10.2021;151,000;154,200;150,850;152,800;EUR;86335
05.10.2021;153,200;155,550;152,500;155,050;EUR;94263
06.10.2021;154,650;154,650;151,000;153,100;EUR;76634
07.10.2021;154,800;155,050;151,800;153,350;EUR;177301
08.10.2021;153,200;154,450;152,900;153,600;EUR;83378
11.10.2021;153,600;154,250;152,450;153,250;EUR;75891
12.10.2021;151,800;153,450;151,550;153,450;EUR;66124
13.10.2021;152,900;153,000;150,550;151,000;EUR;63478
14.10.2021;152,300;154,350;150,900;153,900;EUR;116731
15.10.2021;154,800;154,900;153,350;153,650;EUR;49818
18.10.2021;153,000;153,800;152,500;153,000;EUR;87898
19.10.2021;153,650;154,850;151,650;154,350;EUR;84935
20.10.2021;154,100;155,050;153,100;155,050;EUR;76936
21.10.2021;154,350;156,600;153,950;156,100;EUR;65040
22.10.2021;155,000;155,200;153,600;154,500;EUR;99844
25.10.2021;154,800;155,200;154,300;154,350;EUR;76506
26.10.2021;154,750;158,450;154,600;157,650;EUR;101819
27.10.2021;157,450;158,900;157,100;158,300;EUR;128406
28.10.2021;158,050;159,250;157,400;157,800;EUR;102687
29.10.2021;157,300;158,800;157,050;158,000;EUR;84846
01.11.2021;158,250;159,750;158,250;158,550;EUR;51085
02.11.2021;158,300;160,150;157,750;159,950;EUR;72690
03.11.2021;159,900;162,100;159,450;162,100;EUR;102751
04.11.2021;163,000;165,900;162,600;163,650;EUR;173889
05.11.2021;163,050;164,950;162,650;163,900;EUR;110842
08.11.2021;164,050;165,200;163,250;165,100;EUR;84021
09.11.2021;164,900;164,900;161,450;162,200;EUR;69912
10.11.2021;162,000;163,350;160,600;162,250;EUR;108223
11.11.2021;162,300;163,000;160,600;161,450;EUR;80043
12.11.2021;161,300;162,400;160,300;161,900;EUR;79798
15.11.2021;161,750;162,250;160,300;161,800;EUR;62551
16.11.2021;162,000;162,100;161,150;161,400;EUR;43442
17.11.2021;161,600;161,900;160,200;160,250;EUR;61267
18.11.2021;160,450;160,750;159,400;159,650;EUR;57506
19.11.2021;160,250;160,250;157,200;159,550;EUR;87614
22.11.2021;159,600;160,550;158,500;159,950;EUR;66912
23.11.2021;158,550;161,600;158,550;161,200;EUR;51651
24.11.2021;161,300;163,350;161,300;163,100;EUR;69119
25.11.2021;163,600;164,000;162,900;163,250;EUR;45666
26.11.2021;158,000;158,000;154,900;154,900;EUR;133436
29.11.2021;156,700;158,250;155,500;155,500;EUR;132045
30.11.2021;153,800;156,350;152,350;154,650;EUR;212734
01.12.2021;156,300;160,400;156,300;159,850;EUR;104817
02.12.2021;157,600;159,350;156,850;158,000;EUR;78026
03.12.2021;159,500;159,800;156,650;157,500;EUR;75783
06.12.2021;159,200;162,000;158,600;161,300;EUR;83854
07.12.2021;162,350;163,750;161,800;162,450;EUR;102426
08.12.2021;162,400;163,250;160,750;162,550;EUR;67888
09.12.2021;163,000;163,350;160,950;161,200;EUR;53974
10.12.2021;160,550;162,000;160,300;160,800;EUR;48480
13.12.2021;161,550;161,900;160,250;160,650;EUR;72673
14.12.2021;161,650;162,450;160,950;161,750;EUR;93365
15.12.2021;161,900;162,200;160,750;162,150;EUR;103746
16.12.2021;163,950;166,000;163,650;165,650;EUR;117236
17.12.2021;165,700;166,500;164,350;165,600;EUR;247830
20.12.2021;162,150;162,450;158,550;161,450;EUR;93611
21.12.2021;162,700;164,750;162,450;164,750;EUR;43233
22.12.2021;164,900;165,000;162,950;164,050;EUR;40481
23.12.2021;164,950;166,150;164,400;166,150;EUR;42820
27.12.2021;165,650;166,450;165,050;166,450;EUR;28082
28.12.2021;166,450;168,000;166,350;167,950;EUR;37931
29.12.2021;167,800;168,400;166,900;167,550;EUR;48414
30.12.2021;167,400;168,450;167,150;167,150;EUR;36061
03.01.2022;165,500;169,900;164,500;169,750;EUR;84067
04.01.2022;170,700;172,000;169,050;171,650;EUR;109000
05.01.2022;171,850;173,000;171,550;172,550;EUR;65145
06.01.2022;170,950;173,250;170,200;172,200;EUR;83249
07.01.2022;172,300;173,550;171,650;172,800;EUR;58243
10.01.2022;173,800;175,000;172,250;174,350;EUR;74179
11.01.2022;175,000;176,350;174,500;175,650;EUR;77512
12.01.2022;176,550;178,450;175,150;177,900;EUR;104533
13.01.2022;177,950;178,800;175,950;176,250;EUR;86071
14.01.2022;174,600;176,550;173,550;176,100;EUR;65300
17.01.2022;177,000;177,850;175,600;175,700;EUR;80626
18.01.2022;175,150;175,400;174,150;174,350;EUR;84571
19.01.2022;174,000;174,850;173,000;173,400;EUR;104028
20.01.2022;173,100;174,150;169,050;172,150;EUR;108969
21.01.2022;169,750;171,150;168,650;169,700;EUR;83869
24.01.2022;166,900;169,850;162,350;163,900;EUR;141075
25.01.2022;165,550;168,150;163,750;167,450;EUR;134122
26.01.2022;168,950;173,650;168,950;173,250;EUR;106212
27.01.2022;171,600;177,500;171,000;177,050;EUR;146769
28.01.2022;176,700;179,400;176,000;177,950;EUR;134784
31.01.2022;179,900;180,100;176,150;178,000;EUR;130484
01.02.2022;179,100;181,200;178,500;179,000;EUR;81795
02.02.2022;179,550;181,700;179,350;180,950;EUR;104235
03.02.2022;180,600;181,300;170,850;172,300;EUR;204457
04.02.2022;172,900;173,200;164,750;165,150;EUR;214666
07.02.2022;166,750;167,450;163,350;165,350;EUR;142691
08.02.2022;165,750;170,600;164,750;170,200;EUR;160762
09.02.2022;171,000;172,850;169,700;170,800;EUR;103442
10.02.2022;172,950;174,000;170,300;170,900;EUR;196277
11.02.2022;169,650;174,750;169,100;174,300;EUR;129283
14.02.2022;171,200;172,300;167,250;171,700;EUR;144467
15.02.2022;171,150;174,650;170,250;174,300;EUR;88216
16.02.2022;174,550;176,950;174,100;176,050;EUR;82997
17.02.2022;175,800;175,950;173,150;174,600;EUR;92678
18.02.2022;174,750;175,600;172,900;173,100;EUR;84821
21.02.2022;173,600;176,150;169,700;171,150;EUR;134979
22.02.2022;166,200;171,900;166,200;170,950;EUR;118639
23.02.2022;170,850;172,500;168,750;169,100;EUR;99083
24.02.2022;164,100;167,800;159,800;161,100;EUR;230351
25.02.2022;162,500;167,400;160,650;167,400;EUR;152379
28.02.2022;164,200;165,850;162,000;164,800;EUR;155740
01.03.2022;164,500;165,650;157,750;157,750;EUR;184702
02.03.2022;155,650;158,750;152,250;157,050;EUR;202302
03.03.2022;157,450;158,250;152,800;153,000;EUR;130326
04.03.2022;151,200;151,250;140,900;142,300;EUR;329056
07.03.2022;138,100;142,350;134,650;138,300;EUR;305121
08.03.2022;136,550;146,500;136,000;143,200;EUR;234822
09.03.2022;149,200;151,700;146,850;151,700;EUR;203035
10.03.2022;148,600;149,350;143,050;143,050;EUR;235432
11.03.2022;144,750;150,800;143,800;147,500;EUR;190049
14.03.2022;151,100;153,000;150,000;151,750;EUR;144222
15.03.2022;150,950;152,850;148,950;151,900;EUR;130368
16.03.2022;155,400;155,900;152,400;153,000;EUR;169277
17.03.2022;153,500;153,900;148,900;150,100;EUR;153688
18.03.2022;149,800;151,200;143,350;143,350;EUR;1377268
21.03.2022;143,600;150,400;143,450;149,100;EUR;244247
22.03.2022;150,000;154,000;150,000;152,150;EUR;203689
23.03.2022;152,300;152,850;150,100;150,950;EUR;135809
24.03.2022;150,600;151,650;149,000;150,600;EUR;118584
25.03.2022;150,800;151,150;147,850;150,700;EUR;101953
28.03.2022;151,100;153,750;150,800;150,800;EUR;127339
29.03.2022;152,450;155,450;152,100;154,800;EUR;99016
30.03.2022;153,650;155,550;153,400;153,700;EUR;142220
31.03.2022;154,400;155,950;154,100;154,350;EUR;158240
01.04.2022;154,500;155,500;152,350;152,350;EUR;90180
04.04.2022;152,700;153,450;149,850;150,150;EUR;83363
05.04.2022;149,600;151,750;148,450;150,050;EUR;153322
06.04.2022;150,800;151,600;146,500;148,600;EUR;193539
07.04.2022;148,850;149,750;145,750;145,900;EUR;138938
08.04.2022;147,950;150,950;147,700;150,850;EUR;109604
11.04.2022;150,150;153,000;150,050;150,500;EUR;104197
12.04.2022;148,300;150,050;147,100;149,900;EUR;103557
13.04.2022;148,950;149,050;144,650;145,900;EUR;119416
14.04.2022;146,000;147,900;144,750;147,100;EUR;180180
19.04.2022;147,250;147,250;143,300;144,400;EUR;148044
20.04.2022;144,350;149,000;144,350;148,800;EUR;192418
21.04.2022;148,850;152,900;148,650;150,450;EUR;152307
22.04.2022;148,650;148,900;146,800;146,800;EUR;165508
25.04.2022;144,100;145,850;143,550;145,000;EUR;176339
26.04.2022;146,800;148,650;145,900;146,400;EUR;157617
27.04.2022;146,400;147,600;144,350;146,900;EUR;166505
28.04.2022;148,600;152,600;148,100;150,900;EUR;211563
29.04.2022;152,100;152,300;148,100;148,900;EUR;148010
02.05.2022;147,950;148,350;141,000;145,850;EUR;171964
03.05.2022;146,550;147,700;145,500;146,800;EUR;139844
04.05.2022;147,200;151,800;147,200;147,850;EUR;186629
05.05.2022;146,650;147,200;136,800;137,550;EUR;236083
06.05.2022;138,150;140,150;137,500;138,550;EUR;170774
09.05.2022;138,300;141,550;137,200;137,200;EUR;103271
10.05.2022;139,200;142,400;138,450;140,600;EUR;157503
11.05.2022;141,600;144,150;140,950;144,150;EUR;141654
12.05.2022;141,850;144,900;141,850;144,250;EUR;124678
13.05.2022;145,000;145,750;142,850;144,350;EUR;167412
16.05.2022;144,350;145,750;142,350;145,050;EUR;114624
17.05.2022;145,900;146,800;145,300;146,700;EUR;98005
18.05.2022;146,650;147,300;144,650;144,750;EUR;69747
19.05.2022;143,700;144,050;141,800;143,450;EUR;106644
20.05.2022;144,300;145,300;139,050;139,050;EUR;408681
23.05.2022;140,950;143,200;138,900;141,150;EUR;140423
24.05.2022;139,300;140,600;138,450;138,750;EUR;81955
25.05.2022;140,750;140,950;138,000;139,700;EUR;92423
26.05.2022;140,100;141,400;139,400;141,050;EUR;56508
27.05.2022;141,550;143,800;140,650;143,800;EUR;97958
30.05.2022;144,450;144,900;142,550;144,450;EUR;94298
31.05.2022;143,800;143,950;141,750;142,400;EUR;274729
01.06.2022;143,200;144,000;138,350;138,500;EUR;133446
02.06.2022;138,500;140,300;138,050;139,550;EUR;99355
03.06.2022;140,150;145,300;140,150;143,300;EUR;195497
06.06.2022;144,250;145,150;142,900;144,250;EUR;64197
07.06.2022;143,300;145,150;142,950;144,850;EUR;94710
08.06.2022;145,100;145,100;140,500;141,600;EUR;86732
09.06.2022;141,300;142,950;140,900;142,550;EUR;110582
10.06.2022;141,450;141,550;136,700;137,200;EUR;132600
13.06.2022;136,000;138,250;135,500;138,250;EUR;155183
14.06.2022;142,000;142,400;137,900;139,250;EUR;160807
15.06.2022;141,300;144,750;141,300;143,150;EUR;223910
16.06.2022;142,700;143,250;139,000;140,300;EUR;181483
17.06.2022;140,850;140,850;137,350;137,400;EUR;427283
20.06.2022;137,800;140,250;136,800;139,600;EUR;83476
21.06.2022;140,250;141,750;137,850;137,850;EUR;118936
22.06.2022;136,100;137,100;135,200;135,850;EUR;81839
23.06.2022;135,300;135,850;131,350;131,350;EUR;172796
24.06.2022;132,250;137,900;132,050;136,850;EUR;132613
27.06.2022;137,450;138,750;135,100;136,400;EUR;95892
28.06.2022;136,450;138,800;136,300;137,500;EUR;136403
29.06.2022;136,500;138,250;135,700;137,050;EUR;66693
30.06.2022;135,000;138,500;134,550;138,500;EUR;140232
01.07.2022;137,550;141,150;137,300;140,150;EUR;121607
04.07.2022;140,900;142,800;140,450;142,800;EUR;112858
05.07.2022;143,200;144,050;131,500;131,800;EUR;313506
06.07.2022;133,500;136,850;133,450;134,950;EUR;169352
07.07.2022;138,150;140,750;137,400;140,000;EUR;133943
08.07.2022;139,150;140,950;137,500;139,000;EUR;121223
11.07.2022;137,000;139,200;136,450;136,450;EUR;103441
12.07.2022;135,850;137,500;135,100;137,400;EUR;141832
13.07.2022;138,650;138,650;135,350;136,750;EUR;122634
14.07.2022;136,500;137,100;132,150;133,300;EUR;119154
15.07.2022;133,450;137,750;133,250;136,950;EUR;142368
18.07.2022;135,350;139,800;135,000;138,800;EUR;158936
19.07.2022;137,800;141,100;137,250;140,600;EUR;117851
20.07.2022;141,300;141,700;137,450;137,750;EUR;103505
21.07.2022;137,800;138,000;134,400;136,350;EUR;114424
22.07.2022;138,200;138,700;137,000;138,300;EUR;85257
25.07.2022;137,900;139,600;137,250;137,550;EUR;95949
26.07.2022;137,600;137,900;136,200;137,650;EUR;69581
27.07.2022;138,050;138,550;136,850;137,400;EUR;66857
28.07.2022;138,100;138,450;135,250;135,950;EUR;116407
29.07.2022;136,600;138,300;135,550;138,300;EUR;157465
01.08.2022;138,100;139,850;137,700;138,500;EUR;114954
02.08.2022;138,300;138,800;136,200;138,800;EUR;94078
03.08.2022;138,800;141,700;138,450;141,600;EUR;135932
04.08.2022;141,050;145,100;140,000;144,700;EUR;155315
05.08.2022;144,400;145,100;141,800;143,750;EUR;146015
08.08.2022;144,650;146,250;143,450;144,850;EUR;72705
09.08.2022;144,600;148,150;144,450;147,400;EUR;112467
10.08.2022;147,150;148,850;146,050;146,200;EUR;107744
11.08.2022;146,900;147,750;146,100;147,550;EUR;84175
12.08.2022;148,000;150,750;148,000;150,400;EUR;129451
15.08.2022;150,550;151,900;149,700;151,050;EUR;132831
16.08.2022;151,400;153,500;151,050;151,250;EUR;127219
17.08.2022;151,600;152,150;147,200;147,600;EUR;100563
18.08.2022;147,750;150,050;147,750;148,750;EUR;59063
19.08.2022;147,850;148,400;145,750;147,650;EUR;100656
22.08.2022;146,800;147,050;144,950;146,300;EUR;83884
23.08.2022;145,750;147,200;145,400;146,150;EUR;80486
24.08.2022;146,400;147,950;145,850;146,750;EUR;79030
25.08.2022;148,500;150,650;148,100;149,000;EUR;98957
26.08.2022;150,100;150,100;145,950;146,100;EUR;98531
29.08.2022;145,150;146,050;143,800;145,350;EUR;66538
30.08.2022;146,000;147,600;144,950;145,450;EUR;67786
31.08.2022;146,350;148,150;145,150;146,900;EUR;150758
01.09.2022;146,250;148,000;145,750;147,450;EUR;107912
02.09.2022;148,200;153,100;147,950;152,850;EUR;150321
05.09.2022;149,700;151,450;148,850;150,900;EUR;100259
06.09.2022;151,000;152,300;150,100;151,900;EUR;84256
07.09.2022;150,950;153,100;150,150;152,800;EUR;126332
08.09.2022;153,750;156,900;153,750;155,950;EUR;162080
09.09.2022;156,500;158,200;155,950;158,100;EUR;153774
12.09.2022;159,400;163,250;158,950;162,650;EUR;130688
13.09.2022;163,200;165,700;162,550;163,300;EUR;177009
14.09.2022;162,500;163,300;159,900;160,050;EUR;147305
15.09.2022;160,200;162,100;159,800;161,550;EUR;101717
16.09.2022;160,800;161,450;159,150;160,500;EUR;210731
19.09.2022;160,100;160,700;156,600;160,200;EUR;74088
20.09.2022;160,800;161,750;156,100;156,450;EUR;130971
21.09.2022;155,600;159,550;155,050;159,550;EUR;141850
22.09.2022;157,150;160,600;156,400;156,650;EUR;198832
23.09.2022;156,900;156,950;152,650;154,650;EUR;154078
26.09.2022;152,850;154,150;151,400;151,400;EUR;131587
27.09.2022;152,700;153,050;150,050;150,100;EUR;105618
28.09.2022;148,300;148,950;143,300;148,550;EUR;150460
29.09.2022;148,150;153,100;148,000;153,000;EUR;145462
30.09.2022;154,300;157,050;152,400;154,200;EUR;214626
03.10.2022;152,800;155,100;150,750;153,800;EUR;104921
04.10.2022;154,900;159,150;154,900;158,650;EUR;125045
05.10.2022;158,750;159,750;158,450;159,500;EUR;74288
06.10.2022;159,950;160,100;154,650;156,250;EUR;93400
07.10.2022;156,200;157,050;154,150;154,550;EUR;75154
10.10.2022;153,150;154,450;152,750;153,000;EUR;104284
11.10.2022;151,950;152,300;150,550;152,300;EUR;97134
12.10.2022;152,500;154,250;149,900;153,800;EUR;243621
13.10.2022;151,900;154,300;150,400;152,850;EUR;324501
14.10.2022;155,150;156,900;152,650;154,700;EUR;122197
17.10.2022;155,000;158,050;154,750;155,250;EUR;103495
18.10.2022;156,000;157,700;154,750;154,950;EUR;93447
19.10.2022;155,300;156,450;154,900;156,050;EUR;82838
20.10.2022;155,050;155,750;153,250;154,550;EUR;105454
21.10.2022;153,350;160,100;149,900;158,800;EUR;261097
24.10.2022;158,850;161,050;157,700;160,700;EUR;105734
25.10.2022;161,450;162,650;158,250;160,550;EUR;81692
26.10.2022;160,750;164,950;160,350;164,850;EUR;147634
27.10.2022;164,350;165,700;162,400;165,250;EUR;105632
28.10.2022;164,100;166,500;162,900;165,550;EUR;134776
31.10.2022;165,700;166,550;164,500;164,800;EUR;73331
01.11.2022;165,800;167,100;165,000;165,200;EUR;68285
02.11.2022;165,900;166,450;164,500;165,600;EUR;83497
03.11.2022;167,450;169,750;162,400;165,850;EUR;156506
04.11.2022;167,050;167,850;162,050;164,250;EUR;180389
07.11.2022;164,100;168,100;163,150;164,900;EUR;87820
08.11.2022;164,700;168,900;164,250;168,800;EUR;103051
09.11.2022;168,550;170,400;167,900;170,400;EUR;103770
10.11.2022;169,950;174,350;169,300;172,600;EUR;193470
11.11.2022;173,300;175,100;172,000;173,700;EUR;174279
14.11.2022;175,000;175,600;171,500;173,750;EUR;159824
15.11.2022;174,150;175,500;172,800;174,750;EUR;122849
16.11.2022;174,500;177,200;174,400;176,200;EUR;152923
17.11.2022;176,800;178,800;175,250;177,100;EUR;88597
18.11.2022;177,700;179,600;176,600;177,750;EUR;183441
21.11.2022;177,400;179,550;177,250;178,750;EUR;98491
22.11.2022;178,850;179,650;176,350;178,600;EUR;198585
23.11.2022;179,400;179,550;177,950;179,200;EUR;104843
24.11.2022;179,300;180,350;179,000;179,900;EUR;65680
25.11.2022;180,400;181,200;179,400;180,150;EUR;71137
28.11.2022;179,800;180,850;178,250;178,900;EUR;107128
29.11.2022;179,000;181,650;178,900;181,200;EUR;108935
30.11.2022;181,950;183,000;179,500;181,600;EUR;306639
01.12.2022;182,300;183,950;180,050;183,650;EUR;122378
02.12.2022;183,000;183,050;181,000;182,850;EUR;105640
05.12.2022;181,900;183,800;181,850;183,050;EUR;73228
06.12.2022;182,600;185,650;181,500;185,350;EUR;133472
07.12.2022;185,250;186,850;184,350;184,800;EUR;101840
08.12.2022;185,500;187,700;184,400;185,700;EUR;118218
09.12.2022;186,000;187,800;185,600;187,450;EUR;87166
12.12.2022;186,550;187,550;185,850;186,350;EUR;90716
13.12.2022;187,000;188,500;185,550;186,350;EUR;116491
14.12.2022;186,100;187,150;184,800;187,050;EUR;97629
15.12.2022;186,600;187,500;182,400;183,500;EUR;137272
16.12.2022;183,200;184,200;181,600;181,900;EUR;259752
19.12.2022;182,350;183,950;182,350;182,700;EUR;81621
20.12.2022;182,500;184,250;181,950;182,800;EUR;104662
21.12.2022;183,350;186,150;182,300;185,650;EUR;107717
22.12.2022;185,600;187,500;185,400;185,800;EUR;108184
23.12.2022;186,200;186,450;184,250;185,700;EUR;74552
27.12.2022;187,000;187,950;186,450;187,600;EUR;51040
28.12.2022;188,000;188,000;185,850;186,350;EUR;65204
29.12.2022;185,750;187,300;184,850;186,900;EUR;48007
30.12.2022;186,550;186,950;185,500;185,500;EUR;50399
02.01.2023;185,500;185,650;182,300;183,650;EUR;81154
03.01.2023;184,050;187,000;183,950;186,450;EUR;103318
04.01.2023;186,850;192,700;186,700;192,700;EUR;117444
05.01.2023;191,900;193,200;190,000;190,000;EUR;85248
06.01.2023;191,050;191,250;189,150;189,950;EUR;71295
09.01.2023;189,850;190,500;187,800;189,100;EUR;110028
10.01.2023;188,550;189,100;185,650;185,800;EUR;127722
11.01.2023;186,500;186,500;181,400;182,200;EUR;188116
12.01.2023;180,000;183,500;178,050;182,000;EUR;206787
13.01.2023;182,100;184,850;180,600;184,650;EUR;205378
16.01.2023;184,900;184,900;179,150;181,400;EUR;122476
17.01.2023;181,600;184,750;181,350;183,350;EUR;114447
18.01.2023;183,350;188,400;183,000;186,850;EUR;196091
19.01.2023;186,650;188,750;185,600;187,800;EUR;124877
20.01.2023;189,100;189,100;187,150;188,700;EUR;85964
23.01.2023;189,150;189,450;185,050;185,050;EUR;109042
24.01.2023;185,800;188,650;185,400;188,000;EUR;81099
25.01.2023;188,850;189,150;187,200;189,150;EUR;79677
26.01.2023;189,100;190,100;188,250;189,300;EUR;95490
27.01.2023;190,000;191,700;186,900;187,750;EUR;122519
30.01.2023;186,950;188,650;186,300;187,900;EUR;104449
31.01.2023;188,300;189,400;185,650;186,200;EUR;98817
01.02.2023;182,000;182,750;175,100;176,850;EUR;457791
02.02.2023;176,450;179,850;175,450;178,450;EUR;297623
03.02.2023;178,550;180,250;177,350;179,900;EUR;162387
06.02.2023;179,550;179,850;176,550;179,000;EUR;144573
07.02.2023;179,550;181,450;178,450;181,250;EUR;149088
08.02.2023;182,500;184,250;179,600;181,750;EUR;203854
09.02.2023;180,650;182,500;177,750;178,700;EUR;173466
10.02.2023;178,800;179,700;177,650;177,950;EUR;96089
13.02.2023;178,350;180,650;178,350;180,300;EUR;77035
14.02.2023;180,900;181,150;179,300;179,300;EUR;69998
15.02.2023;179,450;180,300;178,100;180,000;EUR;88014
16.02.2023;180,450;181,850;179,550;181,250;EUR;108826
17.02.2023;180,400;182,100;179,050;181,950;EUR;84359
20.02.2023;182,350;183,000;181,500;181,950;EUR;71331
21.02.2023;182,250;182,600;179,700;181,700;EUR;65427
22.02.2023;181,000;182,800;180,350;182,300;EUR;103499
23.02.2023;182,400;183,700;179,300;182,350;EUR;127708
24.02.2023;182,750;185,050;182,300;182,300;EUR;291360
27.02.2023;183,450;185,150;183,000;183,050;EUR;81617
28.02.2023;182,700;185,300;182,350;183,700;EUR;200598
01.03.2023;184,450;185,900;183,200;183,900;EUR;110379
02.03.2023;183,400;184,650;181,950;184,250;EUR;99663
03.03.2023;183,750;184,450;181,300;181,700;EUR;84173
06.03.2023;181,900;182,900;180,900;182,400;EUR;105438
07.03.2023;182,550;183,250;180,000;182,300;EUR;110179
08.03.2023;181,400;182,800;180,650;182,400;EUR;95120
09.03.2023;183,350;183,400;176,000;176,200;EUR;284764
10.03.2023;174,800;176,300;173,050;174,000;EUR;156397
13.03.2023;173,850;173,850;167,800;168,050;EUR;190820
14.03.2023;167,750;168,500;165,550;167,850;EUR;189157
15.03.2023;168,200;169,150;162,200;163,350;EUR;232773
16.03.2023;165,100;166,450;161,900;166,200;EUR;214118
17.03.2023;166,600;168,250;162,250;162,650;EUR;344105
20.03.2023;161,100;168,950;158,550;168,350;EUR;174647
21.03.2023;170,000;172,550;169,200;171,650;EUR;132406
22.03.2023;171,350;173,400;170,650;171,100;EUR;113364
23.03.2023;170,500;171,150;168,550;170,100;EUR;99968
24.03.2023;170,000;172,000;167,350;171,500;EUR;162842
27.03.2023;174,650;176,100;173,950;175,500;EUR;183537
28.03.2023;176,050;177,450;173,500;175,600;EUR;134117
29.03.2023;176,150;177,750;175,350;176,900;EUR;96525
30.03.2023;177,550;180,000;177,250;177,750;EUR;142100
31.03.2023;178,000;182,000;177,950;180,350;EUR;212589
03.04.2023;179,700;179,750;174,450;176,150;EUR;106555
04.04.2023;176,800;179,350;176,700;178,350;EUR;86719
05.04.2023;178,350;180,050;178,300;179,650;EUR;96146
06.04.2023;179,350;182,950;179,300;182,800;EUR;101064
11.04.2023;182,600;183,050;181,650;182,400;EUR;99571
12.04.2023;182,150;184,150;182,050;183,850;EUR;130864
13.04.2023;183,800;184,950;183,200;183,200;EUR;95621
14.04.2023;183,950;185,200;182,050;184,350;EUR;96890
17.04.2023;184,100;184,200;179,050;179,600;EUR;151037
18.04.2023;180,450;182,050;180,200;181,850;EUR;138787
19.04.2023;182,200;185,000;181,800;184,400;EUR;82594
20.04.2023;185,600;187,500;184,500;187,350;EUR;127987
21.04.2023;187,250;189,450;186,400;187,750;EUR;141156
24.04.2023;187,050;190,750;186,450;190,450;EUR;129429
25.04.2023;189,100;190,850;188,050;190,800;EUR;87836
26.04.2023;189,900;190,800;188,650;190,100;EUR;90877
27.04.2023;190,100;190,700;188,250;189,750;EUR;94258
28.04.2023;190,000;193,600;189,800;193,600;EUR;193955
02.05.2023;193,800;194,100;189,600;189,900;EUR;131613
03.05.2023;189,900;193,250;189,900;192,200;EUR;132478
04.05.2023;187,500;190,750;185,000;186,900;EUR;179304
05.05.2023;188,150;188,600;185,800;187,300;EUR;113177
08.05.2023;187,350;189,950;187,350;189,950;EUR;72645
09.05.2023;189,000;192,350;188,550;192,200;EUR;179378
10.05.2023;192,050;192,850;188,200;189,450;EUR;133197
11.05.2023;190,200;192,650;187,900;190,250;EUR;106607
12.05.2023;192,450;193,950;190,150;190,900;EUR;171817
15.05.2023;190,950;192,300;190,000;190,500;EUR;78038
16.05.2023;190,600;191,650;189,850;190,400;EUR;104119
17.05.2023;189,100;192,550;189,000;191,400;EUR;84765
18.05.2023;191,750;193,600;191,300;192,200;EUR;59218
19.05.2023;193,400;197,300;192,650;196,550;EUR;132499
22.05.2023;196,850;197,750;194,900;195,600;EUR;118475
23.05.2023;196,850;198,900;196,000;197,650;EUR;109162
24.05.2023;196,750;197,750;195,300;196,100;EUR;128235
25.05.2023;196,150;197,600;194,750;196,800;EUR;86569
26.05.2023;198,000;199,800;196,300;199,450;EUR;112758
29.05.2023;200,000;200,700;198,950;199,950;EUR;50210
30.05.2023;199,750;202,200;198,900;201,000;EUR;91160
31.05.2023;201,100;203,100;199,250;200,200;EUR;360078
01.06.2023;201,300;205,800;200,200;205,400;EUR;269010
02.06.2023;206,300;206,300;203,000;205,200;EUR;171667
05.06.2023;205,500;206,800;201,700;202,200;EUR;138854
06.06.2023;201,800;202,500;200,500;200,500;EUR;145120
07.06.2023;200,900;201,200;193,400;193,450;EUR;174170
08.06.2023;194,400;195,200;192,050;193,200;EUR;106759
09.06.2023;193,150;193,400;187,800;189,350;EUR;176092
12.06.2023;190,600;192,150;190,250;191,150;EUR;102912
13.06.2023;191,350;191,800;188,600;190,900;EUR;103633
14.06.2023;190,650;191,750;189,800;191,250;EUR;117869
15.06.2023;190,500;190,850;188,450;190,650;EUR;93509
16.06.2023;191,750;192,000;190,300;190,800;EUR;346955
19.06.2023;191,050;191,700;189,400;189,550;EUR;74371
20.06.2023;189,600;191,400;188,650;191,400;EUR;110195
21.06.2023;190,750;191,750;190,000;190,900;EUR;91087
22.06.2023;189,900;193,150;189,850;191,050;EUR;103248
23.06.2023;190,950;191,250;187,400;190,300;EUR;103051
26.06.2023;190,500;191,200;188,450;190,400;EUR;77173
27.06.2023;191,000;191,600;189,000;191,500;EUR;108775
28.06.2023;192,900;193,200;190,950;191,800;EUR;70266
29.06.2023;191,850;192,100;190,250;191,750;EUR;65459
30.06.2023;192,400;194,750;192,100;194,350;EUR;145244
03.07.2023;195,000;196,050;193,400;194,750;EUR;80242
04.07.2023;195,000;195,050;192,700;193,350;EUR;51047
05.07.2023;192,800;193,450;191,500;192,400;EUR;103463
06.07.2023;192,050;192,050;185,800;186,700;EUR;114688
07.07.2023;186,550;187,800;184,350;187,250;EUR;83058
10.07.2023;187,550;188,450;186,100;186,500;EUR;71544
11.07.2023;187,200;187,500;186,050;186,300;EUR;69973
12.07.2023;186,700;188,900;186,600;188,800;EUR;88714
13.07.2023;188,900;191,000;188,600;190,700;EUR;61944
14.07.2023;190,500;190,900;188,950;189,800;EUR;70390
17.07.2023;189,000;191,550;189,000;191,200;EUR;48602
18.07.2023;191,450;192,700;190,600;192,500;EUR;52716
19.07.2023;193,050;193,300;188,650;191,250;EUR;50026
20.07.2023;191,450;194,100;190,450;192,950;EUR;86097
21.07.2023;193,550;195,450;193,300;195,100;EUR;99207
24.07.2023;194,250;195,500;192,650;195,500;EUR;68146
25.07.2023;195,650;196,800;194,600;196,600;EUR;64621
26.07.2023;197,050;197,550;193,050;195,550;EUR;102416
27.07.2023;196,650;197,650;193,700;197,100;EUR;121921
28.07.2023;197,900;198,600;197,000;197,700;EUR;91163
31.07.2023;197,000;197,000;194,000;194,150;EUR;97597
01.08.2023;193,600;196,300;193,150;195,150;EUR;81119
02.08.2023;193,550;193,700;190,450;192,500;EUR;74587
03.08.2023;192,350;192,950;190,400;191,300;EUR;89741
04.08.2023;191,700;192,750;190,450;192,200;EUR;57176
07.08.2023;192,100;193,300;190,650;193,100;EUR;56358
08.08.2023;191,800;194,050;191,150;191,800;EUR;94834
09.08.2023;191,750;195,700;188,700;194,400;EUR;153193
10.08.2023;198,350;203,800;198,350;202,400;EUR;242423
11.08.2023;199,500;200,500;195,800;196,600;EUR;110802
14.08.2023;196,600;199,400;196,450;199,400;EUR;65902
15.08.2023;199,600;199,600;195,950;197,900;EUR;43442
16.08.2023;198,400;199,350;197,400;198,050;EUR;54302
17.08.2023;197,850;200,200;197,300;197,750;EUR;82208
18.08.2023;197,050;197,050;193,600;194,750;EUR;96832
21.08.2023;195,000;196,200;193,950;194,200;EUR;68658
22.08.2023;194,000;195,500;192,050;192,850;EUR;102467
23.08.2023;193,850;195,450;193,700;193,850;EUR;62310
24.08.2023;195,350;196,700;194,900;196,400;EUR;63357
25.08.2023;195,850;197,250;194,650;196,000;EUR;64271
28.08.2023;197,050;197,450;196,500;196,550;EUR;37952
29.08.2023;196,850;197,250;194,700;195,600;EUR;98131
30.08.2023;195,900;197,450;195,550;196,100;EUR;58243
31.08.2023;196,700;198,500;196,200;196,250;EUR;170573
01.09.2023;196,100;198,550;195,750;196,200;EUR;62493
04.09.2023;196,450;196,450;194,400;194,650;EUR;31503
05.09.2023;194,200;198,050;193,900;197,200;EUR;79307
06.09.2023;197,150;198,000;194,500;198,000;EUR;78352
07.09.2023;197,850;201,500;197,200;201,100;EUR;102652
08.09.2023;202,000;202,600;200,600;202,200;EUR;110439
11.09.2023;203,400;206,600;203,300;206,200;EUR;107009
12.09.2023;206,800;208,900;206,800;208,800;EUR;103464
13.09.2023;208,700;209,000;206,600;208,400;EUR;111792
14.09.2023;208,800;212,700;207,900;212,700;EUR;194496
15.09.2023;213,400;215,200;212,900;213,000;EUR;275833
18.09.2023;213,300;214,300;212,100;212,700;EUR;73571
19.09.2023;213,200;213,500;212,200;213,500;EUR;70595
20.09.2023;213,300;213,300;209,400;211,900;EUR;157955
21.09.2023;211,700;215,200;209,700;213,800;EUR;132657
22.09.2023;212,600;213,900;211,700;212,800;EUR;84918
25.09.2023;212,900;213,300;211,000;211,800;EUR;74706
26.09.2023;212,100;214,000;211,900;212,300;EUR;73345
27.09.2023;212,200;212,300;208,300;208,500;EUR;102866
28.09.2023;209,200;209,700;207,800;209,000;EUR;114036
29.09.2023;209,400;209,500;204,600;207,900;EUR;166504
02.10.2023;208,500;208,600;205,100;205,700;EUR;80943
03.10.2023;205,900;208,300;205,500;205,900;EUR;80248
04.10.2023;206,100;207,300;205,100;205,800;EUR;82180
05.10.2023;206,500;207,700;205,400;206,600;EUR;54560
06.10.2023;205,100;209,100;204,900;208,800;EUR;86915
09.10.2023;207,900;209,400;206,200;206,800;EUR;87921
10.10.2023;208,500;209,200;207,100;207,500;EUR;86783
11.10.2023;207,300;208,800;207,100;207,500;EUR;116902
12.10.2023;208,500;211,000;208,200;209,600;EUR;87622
13.10.2023;210,200;211,300;207,600;208,000;EUR;96223
16.10.2023;208,600;208,600;205,300;206,200;EUR;94133
17.10.2023;206,000;207,600;205,600;207,200;EUR;62438
18.10.2023;207,900;209,900;207,500;209,500;EUR;73392
19.10.2023;208,500;210,800;207,000;210,800;EUR;122000
20.10.2023;209,800;210,200;204,900;204,900;EUR;193857
23.10.2023;205,900;206,500;204,000;205,100;EUR;74423
24.10.2023;205,200;207,300;204,400;206,900;EUR;74393
25.10.2023;206,600;211,500;206,500;211,400;EUR;79691
26.10.2023;210,900;211,200;207,800;209,100;EUR;70430
27.10.2023;209,000;209,300;205,400;206,200;EUR;140764
30.10.2023;206,300;208,700;206,300;207,800;EUR;62391
31.10.2023;208,400;209,300;207,100;208,300;EUR;108755
01.11.2023;209,800;214,600;209,300;214,600;EUR;129872
02.11.2023;215,500;216,600;210,500;211,200;EUR;144013
03.11.2023;211,500;211,700;201,400;206,600;EUR;236823
06.11.2023;205,800;206,000;202,900;205,000;EUR;113237
07.11.2023;204,900;206,300;204,300;204,600;EUR;82971
08.11.2023;203,500;206,400;202,700;206,400;EUR;120959
09.11.2023;200,000;202,900;196,250;201,600;EUR;265335
10.11.2023;201,300;203,200;200,100;202,100;EUR;160463
13.11.2023;203,000;205,600;202,700;205,600;EUR;88427
14.11.2023;205,600;207,900;203,800;204,900;EUR;99861
15.11.2023;204,300;204,900;201,600;203,500;EUR;103939
16.11.2023;203,500;204,900;202,400;204,500;EUR;101728
17.11.2023;205,000;209,300;205,000;208,900;EUR;150498
20.11.2023;208,900;212,300;208,600;212,200;EUR;102684
21.11.2023;212,100;217,000;211,600;217,000;EUR;130686
22.11.2023;217,700;218,900;215,700;217,000;EUR;111553
23.11.2023;217,200;218,100;216,200;217,300;EUR;75826
24.11.2023;217,800;217,900;216,400;217,000;EUR;115876
27.11.2023;217,800;219,600;216,200;219,200;EUR;96009
28.11.2023;218,500;220,700;218,200;218,400;EUR;79114
29.11.2023;218,400;218,800;215,900;217,500;EUR;93431
30.11.2023;217,300;219,500;216,700;219,000;EUR;541495
01.12.2023;219,800;220,200;218,500;219,000;EUR;110829
04.12.2023;218,400;221,000;217,700;220,700;EUR;75750
05.12.2023;221,400;222,400;219,600;221,100;EUR;87074
06.12.2023;222,100;222,300;218,300;218,300;EUR;148096
07.12.2023;218,800;221,200;218,700;219,400;EUR;95070
08.12.2023;220,400;220,400;217,700;218,600;EUR;119743
11.12.2023;219,600;220,600;217,500;220,400;EUR;107336
12.12.2023;221,000;225,100;220,600;225,100;EUR;128333
13.12.2023;225,500;229,900;225,100;228,900;EUR;131349
14.12.2023;227,100;227,200;215,600;215,800;EUR;316495